ID,No.,Type,Rarity,Name,Level,Total Exp,Current Exp,Required Exp,Link,MOD,Max HP,HP,Damage,Accuracy,Evasion,Rate of Fire,Move Speed,Armor,Rounds,Crit.Damage,Skill1,Skill2,Equip1,Equip2,Equip3,Affection,Oathed,Oathed Datetime,Locked
121307558,20037,RF,★★★★,M14 Mod,117,17286476,2003176,1996824,x5,Mod3,430,430,117,78,30,44,7,0,0,40,10,4,Mk211 High-Explosive Armor-Piercing Ammo,M2 Bipod,Thermoptic Camouflage Cape,100,,,Locked
121310455,27,SMG,★★★,Skorpion,100,3263300,-,-,x5,,795,795,26,14,88,95,12,0,0,5,2,0,,,,100,,,Locked
121313241,105,AR,★★★,OTs-12,100,3263300,-,-,x5,,525,525,45,57,57,72,10,0,0,20,1,0,,,,100,,,Locked
121315171,20007,HG,★★★★★,Stechkin Mod,111,5753891,10591,629409,x5,Mod2,420,420,33,53,71,65,15,0,0,20,10,4,Stechkin Buttstock,ILM Hollow-Point Ammo,IOP T4 Exoskeleton,100,,,Locked
121316923,243,AR,★★★★★,64 Shiki,90,1978625,0,0,x4,,472,472,66,60,41,60,10,0,0,20,1,0,,,,100,,,Locked
121318277,20060,AR,★★★★★,AS Val Mod,120,30283300,-,-,x5,Mod3,680,680,46,54,54,76,10,0,0,20,10,8,,,,100,,,Locked
121325613,228,SMG,★★★★★,100 Shiki,100,3263300,-,-,x5,,1060,1060,31,15,71,76,12,0,0,5,1,0,,,,100,,,Locked
121330267,20055,AR,★★★★★,M4A1 Mod,120,30283300,-,-,x5,Mod3,565,565,53,53,53,80,10,0,0,20,10,10,PEQ-16A,16Lab High-Velocity Ammo,Inherited Case,100,,,Locked
121337347,20039,RF,★★★★★,Mosin-Nagant Mod,115,10099518,0,0,x5,Mod3,450,450,142,93,41,31,7,0,0,40,8,8,Mk211 High-Explosive Armor-Piercing Ammo,K6-24X56,Hayha Memory Chip,100,,,Locked
121345587,50,RF,★★★★★,Lee Enfield,100,3263300,-,-,x5,,400,400,142,82,42,36,7,0,0,40,10,0,Mk211 High-Explosive Armor-Piercing Ammo,No32 MKI,Thermoptic Camouflage Cape,100,,,Locked
121346979,261,RF,★★★★★,QBU-88,100,3263300,-,-,x5,,420,420,133,92,44,42,7,0,0,40,1,0,,,,100,,,Locked
121364286,270,RF,★★★★,4 Shiki,100,3263300,-,-,x5,,420,420,118,78,39,39,7,0,0,40,4,0,,,,100,,,Locked
121368549,20056,AR,★★★★★,M4 SOPMOD II Mod,118,23234287,0,0,x5,Mod3,565,565,55,54,49,79,10,0,0,30,10,8,VFL 6-24X56,Dinergate RO,APCR High-Velocity Ammo,100,,,Locked
121370464,70,AR,★★★,FF FNC,100,3263300,-,-,x5,,550,550,54,49,39,73,10,0,0,20,4,0,,,,100,,,Locked
121389146,51,RF,★★,FF FN49,100,3263300,-,-,x5,,465,465,117,65,34,32,7,0,0,40,1,0,,,,100,,,Locked
121396335,20057,AR,★★★★★,ST AR-15 Mod,120,30283300,-,-,x5,Mod3,540,540,53,58,55,78,10,0,0,20,10,8,VFL 6-24X56,Lightweight Rail Kit,APCR High-Velocity Ammo,100,,,Locked
121400159,118,AR,★★★★,9A-91,100,3263300,-,-,x5,,580,580,45,52,53,78,10,0,0,20,8,0,,,,100,,,Locked
121410630,14,HG,★★★,Astra,100,3263300,-,-,x5,,400,400,35,48,72,52,15,0,0,20,2,0,,,,100,,,Locked
121414105,77,MG,★★★,M2HB,100,3263300,-,-,x5,,1075,1075,108,19,17,100,4,0,10,5,2,0,,,,100,,,Locked
121428330,20026,SMG,★★★★★,Gr MP5 Mod,115,10083300,-,-,x5,Mod2,900,900,33,15,75,90,12,0,0,5,10,8,GSG UX Exoskeleton,,,100,,,Locked
121444683,127,SMG,★★★★★,Type79,100,3263300,-,-,x5,,970,970,34,13,74,88,12,0,0,5,1,0,,,,100,,,Locked
121455495,85,MG,★★★★,PK,100,3263300,-,-,x5,,950,950,101,23,25,84,4,0,11,5,3,0,,,,100,,,Locked
121456192,20075,MG,★★★★★,M1918 Mod,110,5263300,-,-,x5,Mod1,795,795,105,35,35,115,4,0,8,5,1,0,,,,100,,,Locked
121459257,54,AR,★★★★,M16A1,100,3263300,-,-,x5,,605,605,50,49,47,75,10,0,0,20,3,0,,,,100,,,Locked
121462603,248,HG,★★★★,Jericho,30,45000,0,0,x3,,150,150,18,20,25,48,15,0,0,20,1,0,,,,51,,,Locked
121463791,20103,SMG,★★★★★,UMP45 Mod,118,19398065,114765,4885235,x5,Mod3,975,975,31,15,81,83,12,0,0,5,9,4,UMP UX Exoskeleton,,Additional Computing Module,100,,,Locked
121468190,162,SG,★★★★,SPAS-12,100,3263300,-,-,x5,,1375,1375,35,12,10,32,6,21,4,40,1,0,,,,100,,,Locked
121490703,36,RF,★★★★,Springfield,100,3263300,-,-,x5,,420,420,135,76,42,32,7,0,0,40,1,0,,,,100,,,Locked
121540625,8,HG,★★★,Makarov,100,3263300,-,-,x5,,315,315,28,65,101,61,15,0,0,20,4,0,,,,100,,,Locked
121553126,20081,MG,★★★★,LWMMG Mod,115,10083300,-,-,x5,Mod2,885,885,108,29,26,92,4,0,10,5,5,5,,,,100,,,Locked
121553149,20032,SMG,★★★★,Micro Uzi Mod,115,11440500,1357200,842800,x5,Mod3,880,880,27,14,87,104,12,0,0,5,10,8,,16Lab Hollow-Point,MPL M21,100,,,Locked
121559062,20154,SG,★★★★,M500 Mod,110,5551300,288000,192000,x5,Mod2,1340,1340,34,13,11,29,6,22,4,40,1,1,Type 3 Armor Plate,#000 Buckshot,ITI MARS,100,,,Locked
121564305,20001,HG,★★★★★,SAA Mod,115,10083300,-,-,x5,Mod2,410,410,39,53,83,50,15,0,0,20,10,6,,,,100,,,Locked
121721950,16,SMG,★★★★★,Thompson,100,3263300,-,-,x5,,1190,1190,33,13,59,82,12,0,0,5,8,0,IOP T4 Exoskeleton,ILM Hollow-Point Ammo,AC4 Suppressor,100,,,Locked
121721962,198,RF,★★★★★,Carcano M91/38,100,3263300,-,-,x5,,365,365,154,95,47,34,7,0,0,40,10,0,Mk211 High-Explosive Armor-Piercing Ammo,VFL 6-24X56,Thermoptic Camouflage Cape,100,,,Locked
121775996,202,HG,★★★★,Thunder,100,3263300,-,-,x5,,430,430,49,60,63,37,15,0,0,40,1,0,,,,100,,,Locked
121780678,126,HG,★★★★★,NZ75,30,47000,0,0,x1,,47,47,19,24,28,49,15,0,0,20,1,0,,,,84,,,Locked
121780717,100,HG,★★★★,P7,30,45000,0,0,x3,,123,123,18,24,32,48,15,0,0,20,1,0,,,,58,,,Locked
121786766,99,HG,★★★★,Gr Mk23,100,3263300,-,-,x5,,400,400,31,56,70,63,15,0,0,20,8,0,,,,100,,,Locked
121863060,1010,HG,★★★★★,El Fail,8,3000,0,0,x1,,36,36,13,12,17,41,15,0,0,20,1,0,,,,100,,,Locked
121872067,1009,HG,★★★★★,El Clear,100,3263300,-,-,x5,,330,330,33,66,93,61,15,0,0,20,10,0,Glorylight,,IOP T3 Exoskeleton,100,,,Locked
122142964,22,SMG,★★★,PPS-43,100,3263300,-,-,x5,,880,880,35,14,69,74,12,0,0,5,4,0,,,,100,,,Locked
122248508,143,SMG,★★★★★,RO635,100,3263300,-,-,x5,,970,970,29,15,75,97,12,0,0,5,10,0,IOP T4 Exoskeleton,,AC4 Suppressor,100,,,Locked
122380081,188,SG,★★★★★,S.A.T.8,100,3263300,-,-,x5,,1410,1410,31,14,13,33,6,22,4,40,10,0,,,,100,,,Locked
123158977,266,RF,★★★★★,R93,100,3263300,-,-,x5,,405,405,140,102,36,39,7,0,0,40,10,0,Mk211 High-Explosive Armor-Piercing Ammo,VFL 6-24X56,,100,,,Locked
123850550,136,SMG,★★★★,PP-19,100,3263300,-,-,x5,,880,880,28,15,78,91,12,0,0,5,4,0,,,,100,,,Locked
123944366,20065,AR,★★★★★★,416 Mod,115,11562270,1478970,721030,x5,Mod3,620,620,57,54,50,78,10,0,0,20,10,9,VFL 6-24X56,APCR High-Velocity Ammo,Tactical Headwear,100,,,Locked
124159645,106,AR,★★★★★,FAL,100,3263300,-,-,x5,,660,660,60,46,40,72,10,0,0,20,8,0,,,,100,,,Locked
124218052,151,SG,★★★★★,M1887,63,498000,0,0,x1,,224,224,32,10,10,20,6,15,4,40,1,0,,,,100,,,Locked
124560228,20053,RF,★★★★★★,NTW-20 Mod,117,15348401,65101,3934899,x5,Mod3,475,475,179,86,33,32,7,0,0,40,10,8,20mm HEI,VFL 6-24X56,Thermoptic Camouflage Cape,100,,,Locked
124609259,168,HG,★★★★,Spitfire,30,45000,0,0,x3,,135,135,19,24,28,46,15,0,0,20,1,0,,,,55,,,Locked
124620395,99,HG,★★★★,Gr Mk23,100,3263300,-,-,x5,,400,400,31,56,70,63,15,0,0,20,8,0,,,,100,,,Locked
125078469,96,HG,★★★★★,Grizzly,100,3263300,-,-,x5,,430,430,40,54,70,54,15,0,0,20,10,0,AC4 Suppressor,ILM Hollow-Point Ammo,IOP T4 Exoskeleton,100,,,Locked
125129218,7,HG,★★★★,Stechkin,100,3263300,-,-,x5,,415,415,30,47,70,65,15,0,0,20,3,0,,,,100,,,Locked
125614133,171,AR,★★★★,Ribeyrolles,100,3263300,-,-,x5,,550,550,68,47,42,63,10,0,0,20,8,0,,,,100,,,Locked
125614485,215,AR,★★★★★,MDR,100,3263300,-,-,x5,,595,595,59,53,44,76,10,0,0,20,6,0,,,,100,,,Locked
126080464,198,RF,★★★★★,Carcano M91/38,100,3263300,-,-,x5,,365,365,154,95,47,34,7,0,0,40,10,0,Mk211 High-Explosive Armor-Piercing Ammo,VFL 6-24X56,Thermoptic Camouflage Cape,100,,,Locked
126088922,48,RF,★★★★★,WA2000,100,3263300,-,-,x5,,440,440,137,87,32,39,7,0,0,40,10,0,Mk211 High-Explosive Armor-Piercing Ammo,VFL 6-24X56,Thermoptic Camouflage Cape,100,,,Locked
126448526,233,HG,★★★★★,Px4 Storm,100,3263300,-,-,x5,,340,340,37,73,98,57,15,0,0,20,10,0,AC4 Suppressor,,IOP T4 Exoskeleton,100,,,Locked
126480721,20097,HG,★★★★★★,M950A Mod,115,10083300,-,-,x5,Mod2,400,400,34,60,80,72,15,0,0,20,10,10,AC4 Suppressor,ILM Hollow-Point Ammo,IOP T4 Exoskeleton,100,,,Locked
127276838,135,SMG,★★★★★,SR-3MP,100,3263300,-,-,x5,,970,970,33,13,71,90,12,0,0,5,8,0,IOP X4 Exoskeleton,,,100,,,Locked
127554355,122,AR,★★★★★,Gr G11,100,3263300,-,-,x5,,605,605,46,47,44,95,10,0,0,20,9,0,,,,100,,,Locked
127659819,20064,AR,★★★★★,Gr G36 Mod,115,10083300,-,-,x5,Mod2,645,645,54,51,47,75,10,0,0,20,5,1,,,,100,,,Locked
127966252,109,MG,★★★★★,Gr MG5,100,3263300,-,-,x5,,990,990,90,29,29,120,4,0,11,5,4,0,,,,100,,,Locked
128079940,181,AR,★★★★★,T91,70,706500,0,0,x3,,315,315,42,33,34,69,10,0,0,20,1,0,,,,86,,,Locked
128472777,10,HG,★★,PPK,100,3263300,-,-,x5,,285,285,27,62,105,63,15,0,0,20,2,0,,,,100,,,Locked
128695884,20097,HG,★★★★★★,M950A Mod,108,4740740,117440,162560,x5,Mod1,395,395,34,59,79,72,15,0,0,20,8,0,,,,100,,,Locked
128759818,212,HG,★★★★,K5,100,3263300,-,-,x5,,330,330,31,55,86,62,15,0,0,40,10,0,AC4 Suppressor,ILM Hollow-Point Ammo,IOP T3 Exoskeleton,100,,,Locked
129247514,130,AR,★★★★★,Type97,100,3263300,-,-,x5,,580,580,57,54,49,72,10,0,0,20,8,0,,,,100,,,Locked
129247521,262,AR,★★★★,EM-2,100,3263300,-,-,x5,,595,595,60,51,51,61,10,0,0,20,1,0,,,,100,,,Locked
129828771,205,AR,★★★★★,AN-94,100,3263300,-,-,x5,,580,580,58,71,51,76,10,0,0,20,8,0,VFL 6-24X56,APCR High-Velocity Ammo,,100,,,Locked
130152510,250,HG,★★★★★,HS2000,100,3263300,-,-,x5,,360,360,35,65,92,62,15,0,0,20,10,0,AC4 Suppressor,ILM Hollow-Point Ammo,IOP T4 Exoskeleton,100,,,Locked
130292292,142,HG,★★★★★,Five-seven,100,3263300,-,-,x5,,315,315,33,60,102,66,15,0,0,20,10,0,,,,100,,,Locked
130294960,20252,RF,★★★★★,KSVK Mod,118,19329390,0,0,x5,Mod3,450,450,174,91,33,32,7,0,0,40,4,10,12.7mm 1SL,,Thermoptic Camouflage Cape,100,,,Locked
130374817,242,HG,★★★★★,P22,100,3263300,-,-,x5,,350,350,30,70,116,62,15,0,0,20,10,0,AC4 Suppressor,ILM Hollow-Point Ammo,IOP T4 Exoskeleton,100,,,Locked
130477473,236,AR,★★★★★,K11,100,3263300,-,-,x5,,675,675,56,57,39,76,10,0,0,20,10,0,,,,100,,,Locked
130492602,253,MG,★★★★★,Lewis,100,3263300,-,-,x5,,950,950,108,33,33,116,4,0,10,5,8,0,Mk211 High-Explosive Armor-Piercing Ammo,VFL 6-24X56,IOP Maximum Ammo Box,100,,,Locked
130568670,251,SMG,★★★★★,X95,100,3263300,-,-,x5,,970,970,36,14,71,90,12,0,0,5,8,0,IOP X4 Exoskeleton,ILM Hollow-Point Ammo,VFL 6-24X56,100,,,Locked
130666198,148,RF,★★★★★,IWS 2000,100,3263300,-,-,x5,,440,440,171,82,31,32,7,0,0,40,10,0,Mk169 Armor-Piercing Ammo,VFL 6-24X56,Urban Camouflage Cape,100,,,Locked
130836541,20,SMG,★★★★★,Vector,100,3263300,-,-,x5,,925,925,32,12,75,101,12,0,0,5,1,0,,,,100,,,Locked
130840920,142,HG,★★★★★,Five-seven,100,3263300,-,-,x5,,315,315,33,60,102,66,15,0,0,20,1,0,,,,100,,,Locked
130942907,242,HG,★★★★★,P22,100,3263300,-,-,x5,,350,350,30,70,116,62,15,0,0,20,8,0,,,,100,,,Locked
131027796,164,SG,★★★★★,FP-6,100,3263300,-,-,x5,,1300,1300,33,14,13,28,6,24,4,40,1,0,,,,100,,,Locked
131269870,73,AR,★★★★★,AUG,100,3263300,-,-,x5,,605,605,58,60,49,75,10,0,0,30,8,0,,,,100,,,Locked
131593601,157,SG,★★★★★,Am KSG,100,3263300,-,-,x5,,1265,1265,31,14,13,30,6,24,5,40,1,0,,,,100,,,Locked
132163255,250,HG,★★★★★,HS2000,43,143702,10202,298,x1,,51,51,23,33,46,51,15,0,0,20,1,0,,,,100,,,Locked
132164123,250,HG,★★★★★,HS2000,100,3263300,-,-,x5,,360,360,35,65,92,62,15,0,0,20,9,0,,,,100,,,Locked
132538076,20005,HG,★★★★,M1895 Mod,117,15942372,659072,3340928,x5,Mod3,355,355,37,51,104,45,15,0,0,20,4,8,M1895 Suppressor,,IOP T3 Exoskeleton,100,,,Locked
132538094,20002,HG,★★★★,M1911 Mod,115,10091126,7826,2192174,x5,Mod3,370,370,30,54,81,58,15,0,0,20,1,4,RMR T4 Red Dot Sight,XM261 ACP,IOP X4 Exoskeleton,100,,,Locked
132539481,194,AR,★★★★★,K2,100,3263300,-,-,x5,,635,635,53,54,45,78,10,0,0,20,8,0,,,,100,,,Locked
132539559,59,SMG,★★★★★,AK-74U,30,47330,0,0,x1,,126,126,20,6,27,67,12,0,0,5,1,0,,,,52,,,Locked
132886371,242,HG,★★★★★,P22,100,3263300,-,-,x5,,350,350,30,70,116,62,15,0,0,20,8,0,AC4 Suppressor,ILM Hollow-Point Ammo,IOP T4 Exoskeleton,100,,,Locked
132960934,20091,HG,★★★★,MP-446 Mod,115,10083380,0,0,x5,Mod3,340,340,32,60,83,60,15,0,0,20,5,8,MP446C Match Barrel,ILM Hollow-Point Ammo,,100,,,Locked
133036028,214,AR,★★★★★,ADS,70,705000,0,0,x3,,309,309,40,40,33,69,10,0,0,20,1,0,,,,53,,,Locked
133041847,242,HG,★★★★★,P22,100,3263300,-,-,x5,,350,350,30,70,116,62,15,0,0,20,1,0,,,,100,,,Locked
134514494,172,AR,★★★★★,Am RFB,100,3263300,-,-,x5,,525,525,73,72,52,54,10,0,0,30,8,0,PEQ-16A,APCR High-Velocity Ammo,IOP X4 Exoskeleton,100,,,Locked
134636228,244,HG,★★★,TEC-9,100,3263300,-,-,x5,,415,415,30,49,67,63,15,0,0,20,1,0,,,,100,,,Locked
135160006,4,HG,★★★★★,Python,100,3263300,-,-,x5,,350,350,44,90,91,49,15,0,0,40,10,0,AC4 Suppressor,,IOP X4 Exoskeleton,150,Oathed,2021-05-21 16:19,Locked
135166758,231,RF,★★★★★,M82A1,100,3263300,-,-,x5,,440,440,166,81,32,34,7,0,0,40,8,0,,,,100,,,Locked
135485317,229,SG,★★★★★,M870,100,3263300,-,-,x5,,1320,1320,35,14,13,29,6,23,4,40,1,0,,,,100,,,Locked
135931968,198,RF,★★★★★,Carcano M91/38,100,3263300,-,-,x5,,365,365,154,95,47,34,7,0,0,40,10,0,Mk211 High-Explosive Armor-Piercing Ammo,VFL 6-24X56,Thermoptic Camouflage Cape,100,,,Locked
135933108,184,RF,★★★★,T-5000,100,3263300,-,-,x5,,450,450,133,90,30,36,7,0,0,40,1,0,,,,100,,,Locked
135933520,257,RF,★★★★★,M200,100,3263300,-,-,x5,,440,440,153,101,33,34,7,0,0,40,10,0,,,,100,,,Locked
136057707,20101,SMG,★★★★★,UMP9 Mod,110,5263300,-,-,x5,Mod1,895,895,31,18,87,87,12,0,0,5,1,0,,,,100,,,Locked
136057834,104,SMG,★★★★★,Gr G36c,100,3263300,-,-,x5,,1015,1015,34,14,69,83,12,0,0,5,10,0,,,,100,,,Locked
136113576,226,RF,★★★★,Mk 12,90,2042027,0,0,x4,,308,308,95,75,30,45,7,0,0,40,1,0,,,,81,,,Locked
137541078,129,AR,★★★★★,Type95,100,3263300,-,-,x5,,580,580,58,55,49,71,10,0,0,20,1,0,,,,100,,,Locked
137891096,247,RF,★★★★,K31,70,707872,0,0,x3,,198,198,102,57,28,35,7,0,0,40,1,0,,,,83,,,Locked
138226358,43,RF,★★★★,SVD,70,705000,0,0,x2,,136,136,105,59,25,34,7,0,0,40,1,0,,,,50,,,Locked
138283613,4,HG,★★★★★,Python,100,3263300,-,-,x5,,350,350,42,86,87,49,15,0,0,40,1,0,,,,100,,,Locked
138285100,122,AR,★★★★★,Gr G11,100,3263300,-,-,x5,,605,605,46,47,44,95,10,0,0,20,1,0,,,,100,,,Locked
138380142,28,SMG,★★★★★,Gr MP7,100,3263300,-,-,x5,,990,990,32,14,73,91,12,0,0,5,1,0,,,,100,,,Locked
139321513,288,AR,★★★★,CR-21,70,706500,0,0,x4,,376,376,39,39,32,73,10,0,0,20,1,0,,,,87,,,Locked
140694171,213,SMG,★★★★★,C-MS,100,3263300,-,-,x5,,925,925,34,16,79,87,12,0,0,5,8,0,,,AC4 Suppressor,100,,,Locked
140698987,287,AR,★★★★★,SIG-556,100,3263300,-,-,x5,,605,605,54,49,48,76,10,0,0,20,1,0,,,,100,,,Locked
140699187,62,AR,★★★★★,Gr G41,100,3263300,-,-,x5,,635,635,53,51,42,77,10,0,0,20,1,0,,,,100,,,Locked
140701933,245,SMG,★★★★★,P90,100,3263300,-,-,x5,,950,950,32,16,88,93,12,0,0,5,8,0,,,,100,,,Locked
141132287,20095,RF,★★★★,Type88 Mod,116,13663674,0,0,x5,Mod3,520,520,123,72,40,37,7,0,0,40,10,10,Mk211 High-Explosive Armor-Piercing Ammo,Acceleration Coil,Thermoptic Camouflage Cape,100,,,Locked
141201557,198,RF,★★★★★,Carcano M91/38,13,8820,0,0,x1,,41,41,59,20,10,24,7,0,0,40,1,0,,,,50,,,Locked
142158224,263,MG,★★★★★,Gr MG36,1,0,0,0,x1,,91,91,28,4,4,83,4,0,10,5,1,0,,,,50,,,Locked
142222455,206,AR,★★★★★,AK-12,100,3263300,-,-,x5,,550,550,59,66,55,78,10,0,0,20,8,0,,,,100,,,Locked
142576474,1023,SMG,★★★★★,Henrietta,100,3263300,-,-,x5,,950,950,32,16,88,93,12,0,0,5,1,0,,,,100,,,Locked
142594936,1026,MG,★★★★★,Claes,100,3263300,-,-,x5,,785,785,83,37,38,139,4,0,8,5,1,0,,Spectacles,,100,,,Locked
142678411,166,HG,★★★★★,CZ75,1,0,0,0,x1,,33,33,12,8,9,44,15,0,0,20,1,0,,,,50,,,Locked
142740050,65,AR,★★★★★,416,100,3263300,-,-,x5,,605,605,54,49,47,76,10,0,0,20,1,0,,,,100,,,Locked
142746902,1027,AR,★★★★★,Angelica,100,3263300,-,-,x5,,605,605,58,60,49,75,10,0,0,30,8,0,,,Fairy Tale Picture Books,100,,,Locked
142807553,1025,SG,★★★★★,Triela,100,3263300,-,-,x5,,1265,1265,41,14,14,26,6,21,4,40,1,0,,,,150,Oathed,2020-12-24 10:04,Locked
143190425,1024,RF,★★★★★,Rico,100,3263300,-,-,x5,,400,400,137,84,35,37,7,0,0,40,10,0,Mk211 High-Explosive Armor-Piercing Ammo,VFL 6-24X56,Duelling Cards,100,,,Locked
143671175,260,HG,★★★★★,PA-15,100,3263300,-,-,x5,,350,350,37,69,80,64,15,0,0,20,1,0,,,,100,,,Locked
144268467,224,SMG,★★★★★,PM-06,70,708470,0,0,x3,,486,486,24,11,55,75,12,0,0,5,1,0,,,,79,,,Locked
145115272,222,RF,★★★★★,TAC-50,1,0,0,0,x1,,44,44,52,10,4,21,7,0,0,40,1,0,,,,50,,,Locked
146625551,46,RF,★★★★★,Kar98k,1,0,0,0,x1,,42,42,45,9,5,22,7,0,0,40,1,0,,,,50,,,Locked
147265954,275,MG,★★★★,M1895 CB,100,3263300,-,-,x5,,950,950,95,28,25,131,4,0,10,5,10,0,Mk211 High-Explosive Armor-Piercing Ammo,VFL 6-24X56,IOP Maximum Ammo Box,100,,,Locked
147301426,272,HG,★★★★★,Desert Eagle,100,3263300,-,-,x5,,365,365,44,60,70,55,15,0,0,40,10,0,AC4 Suppressor,ILM Hollow-Point Ammo,IOP X4 Exoskeleton,100,,,Locked
147328766,173,MG,★★★★★,PKP,100,3263300,-,-,x5,,825,825,100,33,31,127,4,0,10,5,10,0,Mk211 High-Explosive Armor-Piercing Ammo,VFL 6-24X56,IOP Maximum Ammo Box,100,,,Locked
147335587,273,RF,★★★★,SSG3000,100,3263300,-,-,x5,,440,440,133,81,32,37,7,0,0,40,10,0,,,,100,,,Locked
147383462,95,RF,★★★,Type88,1,0,0,0,x1,,51,51,39,8,5,21,7,0,0,40,1,0,,,,50,,,Locked
147434027,276,MG,★★★★★,Kord,100,3263300,-,-,x5,,990,990,115,24,23,110,4,0,9,5,10,0,Mk211 High-Explosive Armor-Piercing Ammo,VFL 6-24X56,IOP Maximum Ammo Box,100,,,Locked
147470946,276,MG,★★★★★,Kord,100,3263300,-,-,x5,,990,990,120,25,24,110,4,0,9,5,10,0,Mk211 High-Explosive Armor-Piercing Ammo,VFL 6-24X56,IOP Maximum Ammo Box,150,Oathed,2021-05-21 15:37,Locked
148734778,112,MG,★★★★★,Negev,100,3263300,-,-,x5,,870,870,89,37,38,139,4,0,9,5,2,0,,,,100,,,Locked
148734812,274,AR,★★★★★,ACR,100,3263300,-,-,x5,,580,580,57,57,51,77,10,0,0,30,1,0,,,,100,,,Locked
150526401,203,SMG,★★★★,Honey Badger,1,0,0,0,x1,,99,99,14,2,10,60,12,0,0,5,1,0,,,,50,,,Locked
151463319,114,HG,★★★★★,Welrod MkⅡ,100,3263300,-,-,x5,,400,400,30,75,95,52,15,0,0,40,4,0,,,,100,,,Locked
151634280,183,HG,★★★★★,Contender,100,3263300,-,-,x5,,330,330,49,90,87,44,15,0,0,40,8,0,AC4 Suppressor,Mk169 Armor-Piercing Ammo,IOP X4 Exoskeleton,100,,,Locked
152000479,285,HG,★★★★★,C-93,100,3263300,-,-,x5,,315,315,35,66,103,64,15,0,0,20,10,0,,,,100,,,Locked
153510133,95,RF,★★★,Type88,1,0,0,0,x1,,51,51,39,8,5,21,7,0,0,40,1,0,,,,50,,,Locked
153624236,280,SMG,★★★★,MAT-49,100,3263300,-,-,x5,,925,925,31,15,77,80,12,0,0,5,1,0,,,,100,,,Locked
154055969,20152,SG,★★★★,M1897 Mod,100,3263300,0,0,x5,Mod1,1320,1320,37,13,12,26,6,21,4,40,1,0,,,,100,,,Locked
154128194,158,SG,★★★,KS-23,100,3263300,-,-,x5,,1375,1375,42,10,11,25,6,21,3,40,1,0,,,,100,,,Locked
154145689,1028,SMG,★★★★★,Agent Vector,100,3263300,-,-,x5,,925,925,32,12,75,101,12,0,0,5,8,0,Go-Bag "V",.45 Hollow Point Ammo (Incendiary),Osprey 45 Silencer,100,,,Locked
154191679,189,SG,★★★★,USAS-12,100,3263300,-,-,x5,,1300,1300,31,12,11,37,6,22,5,40,1,0,,,,100,,,Locked
154238160,198,RF,★★★★★,Carcano M91/38,1,0,0,0,x1,,37,37,47,10,5,22,7,0,0,40,1,0,,,,50,,,Locked
154242352,102,SMG,★★★★,UMP40,1,0,0,0,x1,,90,90,10,2,10,59,12,0,0,5,1,0,,,,50,,,Locked
154254301,119,AR,★★★★★,OTs-14,1,0,0,0,x1,,55,55,17,7,7,50,10,0,0,20,1,0,,,,50,,,Locked
154324781,234,SMG,★★★★★,JS 9,10,4800,0,0,x1,,98,98,12,4,18,63,12,0,0,5,1,0,,,,82,,,Locked
155072201,1029,AR,★★★★★,Agent 416,1,0,0,0,x1,,61,61,19,6,6,52,10,0,0,20,1,0,,,,85,,,Locked
155896822,20095,RF,★★★★,Type88 Mod,110,5551300,288000,192000,x5,Mod2,515,515,122,72,40,37,7,0,0,40,2,1,Mk211 High-Explosive Armor-Piercing Ammo,VFL 6-24X56,Thermoptic Camouflage Cape,100,,,Locked
155896830,197,RF,★★★★★,Carcano M1891,100,3263300,-,-,x5,,400,400,145,90,45,34,7,0,0,40,8,0,,,,100,,,Locked
156042592,282,SG,★★★★★,DP-12,100,3263300,-,-,x5,,1265,1265,33,14,14,30,6,23,5,40,1,0,,,,100,,,Locked
158268488,177,SMG,★★★★,KLIN,1,0,0,0,x1,,96,96,10,2,11,68,12,0,0,5,1,0,,,,50,,,Locked
158682007,98,HG,★★★★,SPP-1,1,0,0,0,x1,,38,38,13,8,10,31,15,0,0,20,1,0,,,,100,,,Locked
159771285,154,SG,★★★,M500,25,30000,0,0,x1,,164,164,18,5,4,23,6,7,4,40,1,0,,,,50,,,Locked
159771380,161,SG,★★★★,Type97S,100,3263300,-,-,x5,,1320,1320,35,13,14,27,6,20,3,40,1,0,,,,100,,,Locked
159989912,221,HG,★★★,GSh-18,100,3263300,-,-,x5,,350,350,35,51,91,52,15,0,0,20,1,0,,,,100,,,Locked
161827903,294,HG,★★★★★,Webley,100,3263300,-,-,x5,,430,430,31,70,86,57,15,0,0,20,10,0,AC4 Suppressor,ILM Hollow-Point Ammo,IOP T4 Exoskeleton,100,,,Locked
161937025,292,MG,★★★★★,RPK-16,30,45000,0,0,x1,,107,107,45,14,14,97,4,0,10,5,3,0,,,,73,,,Locked
162820231,296,RF,★★★★★,Gr SL8,100,3263300,-,-,x5,,425,425,126,82,41,41,7,0,0,40,10,0,,,,100,,,Locked
163178914,160,SG,★★★★★,Saiga-12,1,0,0,0,x1,,132,132,12,2,2,25,6,3,5,40,1,0,,,,82,,,Locked
163185137,306,AR,★★★★★,AK-Alfa,1,0,0,0,x1,,58,58,19,6,6,49,10,0,0,20,1,0,,,,73,,,Locked
163187681,205,AR,★★★★★,AN-94,1,0,0,0,x1,,58,58,17,7,5,48,10,0,0,20,1,0,,,,50,,,Locked
163188016,206,AR,★★★★★,AK-12,1,0,0,0,x1,,55,55,18,7,6,50,10,0,0,20,1,0,,,,50,,,Locked
163188274,293,AR,★★★★★,AK-15,35,75000,0,0,x1,,74,74,33,22,22,60,10,0,0,20,1,0,,,,73,,,Locked
163188362,243,AR,★★★★★,64 Shiki,1,0,0,0,x1,,63,63,22,7,5,40,10,0,0,20,1,0,,,,50,,,
164229970,289,AR,★★★★★,R5,1,0,0,0,x1,,62,62,20,7,6,51,10,0,0,20,1,0,,,,50,,,Locked
164649959,297,AR,★★★★,FI M82,1,0,0,0,x1,,57,57,18,6,6,50,10,0,0,20,1,0,,,,50,,,Locked
179300897,111,MG,★★,AAT-52,1,0,0,0,x1,,91,91,34,4,4,87,4,0,10,5,1,0,,,,50,,,Locked
179301457,288,AR,★★★★,CR-21,1,0,0,0,x1,,55,55,18,7,6,55,10,0,0,20,1,0,,,,50,,,
179324009,156,SG,★★★★,Super-Shorty,1,0,0,0,x1,,121,121,10,2,3,20,6,3,3,40,1,0,,,,50,,,
